name,band,time,flux,flux_err
WTP17aamzew,0.2-2 keV,2018.3221791920346,2.4e-12,6e-13
WTP17aamzew,0.2-2 keV,2018.8261422501268,2.1e-12,8e-13
